{
  "project_info": {
    "project_number": "49923234713",
    "firebase_url": "https://channel-test-1804a.firebaseio.com",
    "project_id": "channel-test-1804a",
    "storage_bucket": "channel-test-1804a.appspot.com"
  },
  "client": [
    {
      "client_info": {
        "mobilesdk_app_id": "1:49923234713:android:b2ef5f14515b1277",
        "android_client_info": {
          "package_name": "com.example.kimminyoung.channeltest"
        }
      },
      "oauth_client": [
        {
          "client_id": "49923234713-3dq5730c6ae731lomdab2m4edfv98qql.apps.googleusercontent.com",
          "client_type": 3
        }
      ],
      "api_key": [
        {
          "current_key": "AIzaSyCGVdxC48k3Z9SA6tmvBwaKc-36S-b23bk"
        }
      ],
      "services": {
        "analytics_service": {
          "status": 1
        },
        "appinvite_service": {
          "status": 1,
          "other_platform_oauth_client": []
        },
        "ads_service": {
          "status": 2
        }
      }
    }
  ],
  "configuration_version": "1"
}